Time(Iteration),syncCoLinUCB,GOBLin,AsyncCoLinUCB,LinUCB
0,34.2511588478,32.9871000622,26.1637336876,33.3123828313
10,67.2691401091,60.8495052138,60.030307968,94.3519399538
20,72.7650231603,69.8509129627,65.2681647949,102.602857901
30,77.0579349125,74.5252605881,69.3391102283,109.105174795
40,79.8912121677,77.8695712221,71.5675553304,112.600364922
50,81.8931279949,80.5337338256,73.1329804368,115.219225171
60,83.2004195348,83.3685725688,74.3243418029,117.868323605
70,84.6553883553,85.0830956809,75.8518525913,120.375517937
80,85.6287423833,87.0032330035,76.8441182185,122.151247109
