Time(Iteration),syncCoLinUCB,GOBLin,AsyncCoLinUCB,LinUCB
0,31.7614690048,30.9714625668,25.2294547577,32.8557521519
10,64.6379643172,65.0839508812,62.0082171304,97.1180067701
20,68.915260919,73.6255572719,66.6423115355,105.916182334
30,72.3659395441,78.3129438613,69.2838010589,110.548067339
40,74.4246332171,81.7958125832,71.21420344,113.712526965
50,75.9012207995,84.0306127234,72.8953624964,116.09194506
60,77.8433373398,86.5223873096,74.8367734165,119.078493493
70,79.1468196058,88.8158036919,75.8173832474,121.391285518
80,80.4728056539,90.8177966008,77.0208782774,123.16076032
