Time(Iteration),syncCoLinUCB,GOBLin,AsyncCoLinUCB,LinUCB
0,13.0904222148,15.5511752981,11.3190491168,13.57658359
