Time(Iteration),syncCoLinUCB,GOBLin,AsyncCoLinUCB,LinUCB
Time(Iteration),syncCoLinUCB,GOBLin,AsyncCoLinUCB,LinUCB
Time(Iteration),syncCoLinUCB,GOBLin,AsyncCoLinUCB,LinUCB
0,12.4801503997,13.7638873715,11.1035710138,13.9739389332
0,13.7293930061,9.54605305935,14.8421751076,13.5311086479
0,11.9493137989,7.88393064777,12.0609414518,12.8792695001
10,37.6012731688,30.6687076264,38.8317494408,45.9699267616
