Time(Iteration),syncCoLinUCBCoTheta,GOBLinCoTheta,AsyncCoLinUCBCoTheta,LinUCBCoTheta,syncCoLinUCBTheta,AsyncCoLinUCBTheta,
0,0.944609207688,0.774187787088,0.737736696522,0.802805352298,1.0,0.814232634315,
10,0.154834138907,0.284074881694,0.158872436136,0.208756084601,0.276592802265,0.266873239708,
20,0.127099326077,0.265251947717,0.129233663558,0.172279657702,0.238019061712,0.227437746313,
30,0.124171982766,0.248706894945,0.126169837412,0.163969431739,0.219736321865,0.213572779429,
40,0.120885058745,0.239202412689,0.121416252652,0.151410829207,0.212348824111,0.204983780848,
50,0.117601746902,0.237504745559,0.118572611632,0.146946356692,0.205181692853,0.198743007523,
60,0.110005654191,0.236414678059,0.108407266871,0.137059947418,0.189507087463,0.181230748082,
70,0.104018569857,0.236758883021,0.101901604464,0.128913685111,0.179412985196,0.172810473909,
80,0.0947800785676,0.2294581268,0.0942647981883,0.120284510482,0.165144317696,0.160893181436,
