Time(Iteration),syncCoLinUCBCoTheta,GOBLinCoTheta,AsyncCoLinUCBCoTheta,LinUCBCoTheta,syncCoLinUCBTheta,AsyncCoLinUCBTheta,
Time(Iteration),syncCoLinUCBCoTheta,GOBLinCoTheta,AsyncCoLinUCBCoTheta,LinUCBCoTheta,syncCoLinUCBTheta,AsyncCoLinUCBTheta,
Time(Iteration),syncCoLinUCBCoTheta,GOBLinCoTheta,AsyncCoLinUCBCoTheta,LinUCBCoTheta,syncCoLinUCBTheta,AsyncCoLinUCBTheta,
0,0.938636595224,0.77319525524,0.691483233161,0.786710862002,1.0,0.792370820102,
0,0.938636595224,0.670588575022,0.780091904762,0.76591132058,1.0,0.848647006812,
0,0.938636595224,0.658261757742,0.737164432893,0.759347310591,1.0,0.819312895259,
10,0.233346503701,0.284537899795,0.225264642184,0.260156092725,0.334722456865,0.325276698126,
