Time(Iteration),syncCoLinUCBCoTheta,GOBLinCoTheta,AsyncCoLinUCBCoTheta,LinUCBCoTheta,syncCoLinUCBTheta,AsyncCoLinUCBTheta,
0,0.944609207688,0.792524537583,0.713242928648,0.786867072612,1.0,0.804188477462,
10,0.162159323335,0.27774413186,0.163300623162,0.223361944395,0.285395389977,0.291087173908,
20,0.145122924664,0.261076486279,0.142146857254,0.190600020778,0.252967161324,0.253239680952,
30,0.13018525013,0.247489953757,0.125982457906,0.16511759779,0.223855267164,0.223230337048,
40,0.113364574794,0.24018685593,0.113997746281,0.149104649683,0.203102892627,0.206511590097,
50,0.10617155633,0.236105379549,0.10530655971,0.137883555435,0.193129731927,0.192751913361,
60,0.0978696095557,0.226929548273,0.0942542116903,0.125553433922,0.176717649191,0.175610932632,
70,0.0912537743994,0.22416860016,0.0895714707901,0.117431939924,0.160654216784,0.159696864991,
80,0.0851024720954,0.218994693372,0.084195133684,0.11361699212,0.15049509029,0.150439566389,
